A,R,N,D,C,E,Q,G,H,I,L,K,M,F,P,S,T,W,Y,V,entropy,n_effective,site
,,,,,,,,,,,,0.0,,,,,,,,-0.0,1.0,1
,,,,,,,0.0,,,,,,,,,,,,,-0.0,1.0,2
,,,,,,-0.0017467226648300355,,-0.011099893341573073,,,,,,,,,,,,0.012846616006403109,1.012929488273638,3
,,,,,,,,,-0.015609827804511414,-0.011099893341573073,,,,,,,,,-0.05971604824755191,0.0864257693936364,1.0902704332785476,4
,,,,,,,,,-0.29142060415152304,-0.011099893341573073,,,,,,,,,-0.3678780787022506,0.6703985761953467,1.9550163883606144,5
,,,,,,,,,,,,,,,,0.0,,,,-0.0,1.0,6
,,,,,,,,,,-0.011099893341573073,,,-0.0017467226648300355,,,,,,,0.012846616006403109,1.012929488273638,7
,,,,,,,,,,,,,0.0,,,,,,,-0.0,1.0,8
,,,,,,-0.0017467226648300355,,-0.011099893341573073,,,,,,,,,,,,0.012846616006403109,1.012929488273638,9
,,,,,0.0,,,,,,,,,,,,,,,-0.0,1.0,10
,,,,,,,,,-0.0908061945187125,,,-0.011099893341573073,,,,,,,-0.02587688734099693,0.1277829752012825,1.1363063692741708,11
,,,,,,,,,,,,,,0.0,,,,,,-0.0,1.0,12
,,,,,,-0.05971604824755191,,-0.013887750512763603,,,,,,,,,,,,0.07360379876031552,1.0763802578099224,13
,,,,,,,,,,,,,,,,,,,0.0,-0.0,1.0,14
,,,,,,,,,-0.015609827804511414,,,,,,,,,,-0.06532732469648989,0.0809371525010013,1.0843027487094077,15
,,,,,0.0,,,,,,,,,,,,,,,-0.0,1.0,16
,,,,,0.0,,,,,,,,,,,,,,,-0.0,1.0,17
,,,-0.011099893341573073,,,,,,-0.16457489018730678,,,,,,,,,,-0.057637888103656075,0.23331267163253594,1.262776251919165,18
,,,,,,,,,,,,0.0,,,,,,,,-0.0,1.0,19
,,0.0,,,,,,,,,,,,,,,,,,-0.0,1.0,20
,,,,,,,,,0.0,,,,,,,,,,,-0.0,1.0,21
,,,,,,,,,,,,,,,,,,,0.0,-0.0,1.0,22
,,,,,,,,,,0.0,,,,,,,,,,-0.0,1.0,23
,,,,,,,,,0.0,,,,,,,,,,,-0.0,1.0,24
-0.08029228828459446,,,,,,,,,,,,,,,,-0.20793885150813207,,,,0.2882311397927265,1.3340656241413469,25
,,,,,,,,,,-0.0017467226648300355,,,-0.011099893341573073,,,,,,,0.012846616006403109,1.012929488273638,26
,,,,,,,,,,,,,,,-0.0034903835912328735,-0.019776195142726757,,,,0.023266578733959632,1.0235393570078843,27
,,,,,,,,,-0.33838547741386776,-0.23160271354075243,,,,,,,,,-0.1330525242390987,0.7030407151937188,2.01988527489483,28
,,,,,,,,,,-0.0017467226648300355,,-0.011099893341573073,,,,,,,,0.012846616006403109,1.012929488273638,29
0.0,,,,,,,,,,,,,,,,,,,,-0.0,1.0,30
,,,,,,,,,-0.25457869393291205,,,-0.05388566765082411,,,,,,,-0.36023008168039583,0.668694443264132,1.951687617691585,31
,,,,,,,,,,0.0,,,,,,,,,,-0.0,1.0,32
,,,,,,,,,,,0.0,,,,,,,,,-0.0,1.0,33
-0.011099893341573073,,,,,,,-0.0017467226648300355,,,,,,,,,,,,,0.012846616006403109,1.012929488273638,34
-0.011099893341573073,,,,,,,,,-0.29787209765666944,-0.3620184657985258,,-0.011099893341573073,,,,-0.011099893341573073,,,-0.19175124767491264,0.884941491154827,2.4228426296141343,35
,,,,,,,,,,,,,,,,,,0.0,,-0.0,1.0,36
,,0.0,,,,,,,,,,,,,,,,,,-0.0,1.0,37
,,,,,,,,,-0.2429690012137425,-0.15798899544359124,,,-0.2864354649075064,,,,,,-0.26005015677486537,0.9474436183397055,2.5791080402880096,38
-0.005230977407731973,,,,,,,,,,,,,,,,-0.011099893341573073,,,-0.019776195142726757,0.0361070658920318,1.036766842915718,39
,,,,,,,,,,,,,,,,0.0,,,,-0.0,1.0,40
,-0.011099893341573073,,,-0.0017467226648300355,,,,,,,,,,,,,,,,0.012846616006403109,1.012929488273638,41
,,,,,,,0.0,,,,,,,,,,,,,-0.0,1.0,42
,,,,,,,,,-0.1740600033308615,-0.07709557966038166,,-0.019776195142726757,-0.03470520720461474,,,,,,-0.03470520720461474,0.3403421925431994,1.4054284354187405,43
,,,,,,,,,-0.33587959742192,-0.0759854561265659,,,-0.29967101667445833,,,-0.011099893341573073,,,-0.2751206093294988,0.9977565728940161,2.7121903967197456,44
,,,,,,,0.0,,,,,,,,,,,,,-0.0,1.0,45
,,,,,,,,,,0.0,,,,,,,,,,-0.0,1.0,46
,,,,,,,,,-0.31817583163896584,-0.04780468030229101,,-0.02753772746177459,,,,,,,-0.18606027765646882,0.5795785170595003,1.78528580464111,47
-0.18310754626705578,,,,-0.011099893341573073,,,,,,,,,,,-0.31087319302991495,-0.3667281144569845,,,,0.8718087470955282,2.391232078421267,48
,,,,,,,,,,,,,0.0,,,,,,,-0.0,1.0,49
,,,,,,,,,,-0.005230977407731973,,,-0.02753772746177459,,,,,,,0.03276870486950656,1.0333115116784815,50
,,,,,,,,,,-0.10383864718199481,,,-0.2429690012137425,,,,,,,0.3468076483957373,1.4145446092753888,51
,,,,,,,,,,0.0,,,,,,,,,,-0.0,1.0,52
,,,,-0.01904466112908044,,,,,,,,,,,-0.0759854561265659,,,,,0.09503011725564635,1.099691974331694,53
,,,,,,,0.0,,,,,,,,,,,,,-0.0,1.0,54
,-0.012162573482249387,,,,,,,,,,-0.05388566765082411,,,,,,,,,0.06604824113307349,1.068278250876221,55
,,,,,,,,,,,,,,,0.0,,,,,-0.0,1.0,56
,,,,0.0,,,,,,,,,,,,,,,,-0.0,1.0,57
,,,,,,,,,,,,,,,-0.19793210673296396,-0.33587959742192,,,,0.533811704154884,1.705420493623433,58
-0.04806720369182848,,,,,,,-0.011165706723100619,,-0.060037744747060785,-0.10502013603750686,,-0.1553304949150878,,,-0.10055021680229212,-0.13488851404063212,,,-0.041660946358160665,0.6567209633156694,1.9284584695237954,59
,,-0.0908061945187125,,,,,-0.011099893341573073,,-0.2026973590296719,,,,,,-0.2894837995221006,-0.22800930409223708,,,-0.02753772746177459,0.8496342779660698,2.338791347968485,60
,,,,,,,,,-0.07456052862310719,-0.05463744213283934,,-0.054775332933423515,-0.031719836345211416,,,-0.031719836345211416,,,-0.054775332933423515,0.3021883093132164,1.3528159505678519,61
,,,,,,,,,,-0.03470520720461474,,,-0.011099893341573073,,,,,-0.00870294213061187,,0.05450804267679968,1.056020969614923,62
,,,,,,,,,,,0.0,,,,,,,,,-0.0,1.0,63
,,,-0.011099893341573073,,,,-0.0017467226648300355,,,,,,,,,,,,,0.012846616006403109,1.012929488273638,64
-0.08600430986177866,,-0.03470520720461474,-0.011099893341573073,,,-0.011099893341573073,-0.04780468030229101,,,,,,-0.011099893341573073,,-0.18603213547313718,-0.011099893341573073,,,-0.10998808367612098,0.5089339898842349,1.6635169235500276,65
,,,,,,,,,,,,,-0.02753772746177459,,,,,-0.005230977407731973,,0.03276870486950656,1.0333115116784815,66
,,,,,-0.06254659230564401,-0.1771226921559724,,,,,,,,,,,,,,0.2396692844616164,1.270828797986592,67
,,,,,,,,,,-0.0017467226648300355,,,-0.011099893341573073,,,,,,,0.012846616006403109,1.012929488273638,68
,,,,,-0.10004336417174872,-0.02757711119553122,,,,,,,,,,,,,,0.12762047536727994,1.1361217346797394,69
-0.1740600033308615,,,,,,,,,,,-0.019776195142726757,,,,-0.05971604824755191,-0.07709557966038166,,,,0.3306478263815218,1.3918695262563654,70
,,,,,,,,,-0.02753772746177459,-0.005230977407731973,,,,,,,,,,0.03276870486950656,1.0333115116784815,71
,,,-0.05971604824755191,,-0.013887750512763603,,,,,,,,,,,,,,,0.07360379876031552,1.0763802578099224,72
,,,,,,,,,,0.0,,,,,,,,,,-0.0,1.0,73
,,-0.3678691887098785,-0.29142060415152304,,,,,,,,,,,,,,,,,0.6592897928614015,1.9334187189079355,74
,,,,,,,,,,,,0.0,,,,,,,,-0.0,1.0,75
-0.3125198450279292,,-0.02753772746177459,,,-0.3675804219994332,-0.04780468030229101,-0.0759854561265659,,,,-0.019776195142726757,,,,-0.011099893341573073,-0.0759854561265659,,,,0.9382896755288596,2.55560676157149,76
-0.019776195142726757,,-0.28171165065221093,,,,,,,,,,-0.019776195142726757,,,-0.35066777971606067,-0.3677974500936795,,,,1.0397292707474046,2.8284511662172585,77
,,,,,,,,,,0.0,,,,,,,,,,-0.0,1.0,78
,,0.0,,,,,,,,,,,,,,,,,,-0.0,1.0,79
,,,,,,,,,,,-0.019776195142726757,-0.0034903835912328735,,,,,,,,0.023266578733959632,1.0235393570078843,80
,,,,,,,,,,,,,,,,0.0,,,,-0.0,1.0,81
,,,,,,,,,,,,0.0,,,,,,,,-0.0,1.0,82
,,,,,,,,,,,,,,0.0,,,,,,-0.0,1.0,83
,,,,,,,,,,0.0,,,,,,,,,,-0.0,1.0,84
,,,,,,,,,,,,,,,0.0,,,,,-0.0,1.0,85
,,,,0.0,,,,,,,,,,,,,,,,-0.0,1.0,86
,,,,,,,,,,,,,,,-0.05388566765082411,-0.012162573482249387,,,,0.06604824113307349,1.068278250876221,87
,-0.019776195142726757,,,,,,,,,,-0.005230977407731973,,,,,-0.011099893341573073,,,,0.0361070658920318,1.036766842915718,88
,,-0.0017467226648300355,-0.011099893341573073,,,,,,,,,,,,,,,,,0.012846616006403109,1.012929488273638,89
,,-0.08029228828459446,,,,,,,,,,,,,-0.17094874571007596,-0.08600430986177866,,,,0.33724534385644905,1.4010827686235285,90
,,,,,,,,,,,,,,,0.0,,,,,-0.0,1.0,91
,,,,,,,,-0.005230977407731973,,,,,,,,,,-0.02753772746177459,,0.03276870486950656,1.0333115116784815,92
,,,,,,,,0.0,,,,,,,,,,,,-0.0,1.0,93
,,,,,,,,,,,,,,,,,,0.0,,-0.0,1.0,94
,,,,,,,,,-0.005230977407731973,,,,,,,,,,-0.02753772746177459,0.03276870486950656,1.0333115116784815,95
,-0.3061815837908958,,,,,,,,,,,-0.1599760535981679,,,,,,,,0.4661576373890637,1.5938582311963017,96
-0.041430953487287564,,,,,,,,,,-0.011099893341573073,,,,,,,,,-0.010434302199237917,0.06296514902809855,1.0649897226576353,97
,,,,,,,-0.0017467226648300355,,,,,,,,-0.011099893341573073,,,,,0.012846616006403109,1.012929488273638,98
,,0.0,,,,,,,,,,,,,,,,,,-0.0,1.0,99
,,,-0.10004336417174872,,-0.029274190710693464,,-0.011099893341573073,,,,,,,,,,,,,0.14041744822401525,1.150754078850732,100
,,,,,,,,,,,,,,,,0.0,,,,-0.0,1.0,101
,,,,,,,0.0,,,,,,,,,,,,,-0.0,1.0,102
,,,,,,,,,,0.0,,,,,,,,,,-0.0,1.0,103
,,,,,0.0,,,,,,,,,,,,,,,-0.0,1.0,104
,,,,,,,,,,0.0,,,,,,,,,,-0.0,1.0,105
,,,,,,,,,,,,,,,,0.0,,,,-0.0,1.0,106
,,,,,,,,,,0.0,,,,,,,,,,-0.0,1.0,107
,,,,,,,,,,,,,,,,0.0,,,,-0.0,1.0,108
,,0.0,,,,,,,,,,,,,,,,,,-0.0,1.0,109
-0.019776195142726757,-0.011099893341573073,-0.011099893341573073,-0.011099893341573073,,-0.03470520720461474,-0.05971604824755191,,,-0.04780468030229101,,-0.03470520720461474,-0.011099893341573073,,,-0.02753772746177459,-0.055995146212869946,,,-0.019776195142726757,0.3444159802854627,1.4111655304710486,110
,,,,,,,,,,,,,,,-0.010434302199237917,-0.04780468030229101,,,,0.058238982501528924,1.0599682793148393,111
,,,,,,,,,-0.02757711119553122,-0.10004336417174872,,,,,,,,,,0.12762047536727994,1.1361217346797394,112
,,,,,,,,,-0.03265889404051941,-0.11309318222387027,,,,,,,,,,0.14575207626438969,1.1569093272102955,113
,,-0.10383864718199481,-0.14412440102296792,,-0.019776195142726757,-0.05388566765082411,-0.02753772746177459,-0.05388566765082411,,,,,,,-0.10449429371416238,,,,,0.5075425998252747,1.6612039321494647,114
,,,,,,,,0.0,,,,,,,,,,,,-0.0,1.0,115
,-0.0759854561265659,,,,,,,,,,-0.01904466112908044,,,,,,,,,0.09503011725564635,1.099691974331694,116
,,,,,,,,,,,,,-0.0034903835912328735,,,,,-0.019776195142726757,,0.023266578733959632,1.0235393570078843,117
,,,,0.0,,,,,,,,,,,,,,,,-0.0,1.0,118
,,0.0,,,,,,,,,,,,,,,,,,-0.0,1.0,119
,,,,,,,,,,0.0,,,,,,,,,,-0.0,1.0,120
,,,,,,,,,,,,,,,0.0,,,,,-0.0,1.0,121
,,-0.02753772746177459,-0.005230977407731973,,,,,,,,,,,,,,,,,0.03276870486950656,1.0333115116784815,122
0.0,,,,,,,,,,,,,,,,,,,,-0.0,1.0,123
,,,,,,,,0.0,,,,,,,,,,,,-0.0,1.0,124
,-0.10884232552920524,,,,,,,,,,-0.030968120221001396,,,,,,,,,0.13981044575020662,1.150055780234059,125
,-0.18891301383163475,-0.011099893341573073,,,-0.019776195142726757,,,-0.03470520720461474,,,-0.08029228828459446,,,,,,,,,0.3347865978051438,1.3976420935051679,126
,,-0.030968120221001396,-0.10884232552920524,,,,,,,,,,,,,,,,,0.13981044575020662,1.150055780234059,127
,,,,,,,,,,-0.0017467226648300355,,,,,-0.011099893341573073,,,,,0.012846616006403109,1.012929488273638,128
,,,,,,,,,,,,,,,,,,0.0,,-0.0,1.0,129
,,-0.10884232552920524,-0.030968120221001396,,,,,,,,,,,,,,,,,0.13981044575020662,1.150055780234059,130
,,,,,,,,0.0,,,,,,,,,,,,-0.0,1.0,131
-0.11608212943664599,,,,,,,,,,,,,,,-0.11309318222387027,-0.21799047934530644,,,,0.44716579100582265,1.5638735539642685,132
,,,,,,,,,,0.0,,,,,,,,,,-0.0,1.0,133
,,,,,,,,,,,,0.0,,,,,,,,-0.0,1.0,134
,,,,,,,,,,,,,,,0.0,,,,,-0.0,1.0,135
,,,,,,,,,-0.0017467226648300355,,,,,,,,,,-0.011099893341573073,0.012846616006403109,1.012929488273638,136
,,,,,,,,,-0.05104748347475906,-0.0759854561265659,,,,,,,,,-0.11309318222387027,0.24012612182519524,1.271409492695645,137
,,,,,,,,,,,,,,,0.0,,,,,-0.0,1.0,138
,,,,,,,,,,,,,,,,0.0,,,,-0.0,1.0,139
,,,,,,,,,,,,,0.0,,,,,,,-0.0,1.0,140
,,,,,,-0.011099893341573073,,-0.0017467226648300355,,,,,,,,,,,,0.012846616006403109,1.012929488273638,141
,,,,,,,,,,0.0,,,,,,,,,,-0.0,1.0,142
,,,,,,,,,,,,,,,0.0,,,,,-0.0,1.0,143
,,,,,,,,,0.0,,,,,,,,,,,-0.0,1.0,144
,,,,,,,,,,,,,,0.0,,,,,,-0.0,1.0,145
,,-0.0034903835912328735,,,,,,-0.011099893341573073,,,,,,,-0.011099893341573073,,,,,0.025690170274379018,1.026023006795418,146
,,,,,,,,,,,,,0.0,,,,,,,-0.0,1.0,147
,,0.0,,,,,,,,,,,,,,,,,,-0.0,1.0,148
,,,,,,0.0,,,,,,,,,,,,,,-0.0,1.0,149
,,,,,,,,-0.011099893341573073,,,,,-0.05388566765082411,,,,,-0.013887750512763603,,0.07887331150516078,1.0820672279179524,150
,,,,,0.0,,,,,,,,,,,,,,,-0.0,1.0,151
-0.00870294213061187,-0.011099893341573073,,,,,,,,,,,,,,-0.02753772746177459,-0.011099893341573073,,,,0.058440456275532605,1.0601818566387893,152
,,,,,,,,,,,,0.0,,,,,,,,-0.0,1.0,153
,,,,,,,-0.011099893341573073,,,,,,,,-0.0017467226648300355,,,,,0.012846616006403109,1.012929488273638,154
,,,,0.0,,,,,,,,,,,,,,,,-0.0,1.0,155
,,,0.0,,,,,,,,,,,,,,,,,-0.0,1.0,156
,,,,,,,,,,,,,0.0,,,,,,,-0.0,1.0,157
,,0.0,,,,,,,,,,,,,,,,,,-0.0,1.0,158
,,-0.019776195142726757,,,-0.019776195142726757,,-0.006968498723970685,,,,,,,,,,,,,0.0465208890094242,1.0476199625832419,159
,,,,,,,0.0,,,,,,,,,,,,,-0.0,1.0,160
,-0.07074394927247818,,,,,,,,-0.011099893341573073,,-0.01904466112908044,,,,,,,,,0.1008885037431317,1.1061533029348427,161
,,,,,,,,,0.0,,,,,,,,,,,-0.0,1.0,162
,,,,,,,,,,,,,,,-0.03265889404051941,-0.11309318222387027,,,,0.14575207626438969,1.1569093272102955,163
,,,,,,,,,-0.11309318222387027,,,,,,,,,,-0.03265889404051941,0.14575207626438969,1.1569093272102955,164
,,,,,,0.0,,,,,,,,,,,,,,-0.0,1.0,165
,,,,,,,,,,,,,,,,,,0.0,,-0.0,1.0,166
,,0.0,,,,,,,,,,,,,,,,,,-0.0,1.0,167
,,,,,,,,,,0.0,,,,,,,,,,-0.0,1.0,168
,,,,,,,,,,,,,,,0.0,,,,,-0.0,1.0,169
,,,,,,,,0.0,,,,,,,,,,,,-0.0,1.0,170
-0.30871368937843824,,-0.019776195142726757,,,,,-0.11309318222387027,,,,,,,,-0.3677974500936795,-0.36393130451747024,,,,1.1733118213561848,3.232680991747179,171
,,-0.019776195142726757,,,,,,-0.011099893341573073,,,,,-0.08600430986177866,,-0.011099893341573073,,,-0.029274190710693464,,0.15725448239834502,1.1702933950792194,172
-0.005230977407731973,,,,,,,,,-0.019776195142726757,,,,,,,,,,-0.011099893341573073,0.0361070658920318,1.036766842915718,173
,-0.011099893341573073,,,,-0.02753772746177459,,-0.35537403045410365,,-0.2275036518113642,,-0.02753772746177459,-0.011099893341573073,,,-0.011099893341573073,,,,-0.30145001248759157,0.9727028297013278,2.645084018148753,174
,,-0.011099893341573073,-0.012162573482249387,,-0.02753772746177459,,-0.019776195142726757,,,,,,,,-0.011099893341573073,,,,,0.08167628276989689,1.0851044859492565,175
-0.005230977407731973,,,,,,,,,,,,,,,,-0.019776195142726757,,,-0.011099893341573073,0.0361070658920318,1.036766842915718,176
-0.010434302199237917,,,,,,,,,,,,,,,,-0.011099893341573073,,,-0.041430953487287564,0.06296514902809855,1.0649897226576353,177
-0.011099893341573073,-0.10449429371416238,-0.24786736872348303,-0.08600430986177866,,-0.10884232552920524,-0.011099893341573073,-0.12921998222965891,,,-0.011099893341573073,-0.2053367050952408,,,,-0.16457489018730678,-0.10004336417174872,,,,1.1796829195373035,3.253342467991765,178
,,,,,,,,0.0,,,,,,,,,,,,-0.0,1.0,179
,,,,0.0,,,,,,,,,,,,,,,,-0.0,1.0,180
,,-0.011099893341573073,,,,,-0.0017467226648300355,,,,,,,,,,,,,0.012846616006403109,1.012929488273638,181
,,,,,,,,,,,,,,,,0.0,,,,-0.0,1.0,182
,,,,,,,,,-0.3075179422665733,-0.10884232552920524,,,,,,,,,-0.3678691887098785,0.7842294565056571,2.1907182465178057,183
-0.0034903835912328735,,,,,,,,,,,,,,,,-0.019776195142726757,,,,0.023266578733959632,1.0235393570078843,184
,,0.0,,,,,,,,,,,,,,,,,,-0.0,1.0,185
,,,,,,,0.0,,,,,,,,,,,,,-0.0,1.0,186
,,,,,,,,,-0.12531140530851853,,,,,,,,,,-0.037712224185847375,0.1630236294943659,1.177064502798898,187
,,,,,,,,,,0.0,,,,,,,,,,-0.0,1.0,188
,,,,,,0.0,,,,,,,,,,,,,,-0.0,1.0,189
,,,,,,,,,,,,,,,,0.0,,,,-0.0,1.0,190
,,,,,,,,,,,,,0.0,,,,,,,-0.0,1.0,191
,,,,,,,,,,,,0.0,,,,,,,,-0.0,1.0,192
,0.0,,,,,,,,,,,,,,,,,,,-0.0,1.0,193
,,,,,,,,,,,,0.0,,,,,,,,-0.0,1.0,194
0.0,,,,,,,,,,,,,,,,,,,,-0.0,1.0,195
,,,,,,,,,,,,,,,,,0.0,,,-0.0,1.0,196
,,,,,,,0.0,,,,,,,,,,,,,-0.0,1.0,197
,,,,,,,0.0,,,,,,,,,,,,,-0.0,1.0,198
-0.03470520720461474,-0.04780468030229101,,,,,,-0.019776195142726757,,,,,,,,-0.02075740609149938,,,,,0.12304348874113188,1.1309336027567418,199
,,,,,,,,,,,,,,,,,,0.0,,-0.0,1.0,200
,,,,,,,,,-0.005230977407731973,-0.02753772746177459,,,,,,,,,,0.03276870486950656,1.0333115116784815,201
0.0,,,,,,,,,,,,,,,,,,,,-0.0,1.0,202
,,,,,,,,,-0.019776195142726757,-0.0034903835912328735,,,,,,,,,,0.023266578733959632,1.0235393570078843,203
,,-0.019776195142726757,-0.0034903835912328735,,,,,,,,,,,,,,,,,0.023266578733959632,1.0235393570078843,204
,,,,,,,,,,,,,,,0.0,,,,,-0.0,1.0,205
,-0.06532732469648989,,,,,,-0.01904466112908044,,,,-0.019776195142726757,,,,,,,,,0.10414818096829709,1.1097648887680978,206
,-0.3568274035833023,,,,,,,-0.21552968757242846,,,-0.29421494025744177,,,,-0.011099893341573073,,,-0.019776195142726757,,0.8974481198974723,2.453334500690447,207
,-0.01111626831813662,-0.05395858743293324,-0.09560435223871629,,-0.01111626831813662,,-0.05773560216115083,,,-0.01111626831813662,-0.01111626831813662,,,,-0.05395858743293324,,-0.01111626831813662,,,0.3168384708564167,1.3727808099068746,208
-0.011099893341573073,-0.17094874571007596,-0.3609760478391444,,,-0.02753772746177459,-0.019776195142726757,-0.22041764881969722,,,,-0.1213233350118599,,,,-0.34657359027997264,,,,,1.2786531836068247,3.591798972760884,209
,,,,,,,,,,,,,,,,,0.0,,,-0.0,1.0,210
,,,0.0,,,,,,,,,,,,,,,,,-0.0,1.0,211
,,,,0.0,,,,,,,,,,,,,,,,-0.0,1.0,212
,,,,,,,,,-0.006968498723970685,,,,,,,,,,-0.03470520720461474,0.04167370592858542,1.0425542439765494,213
,,,,,,,,,-0.019776195142726757,,,-0.00870294213061187,,,,,,,-0.02753772746177459,0.05601686473511322,1.0576155199918051,214
,,,,,,,,,,,,,,,-0.019776195142726757,-0.0034903835912328735,,,,0.023266578733959632,1.0235393570078843,215
,,-0.041430953487287564,-0.011099893341573073,,,,-0.019776195142726757,,,,,,,,-0.015609827804511414,-0.011099893341573073,,,,0.09901676311767188,1.1040848073073024,216
,,,,,,,,,,,,,,,,,,0.0,,-0.0,1.0,217
-0.011099893341573073,-0.02753772746177459,,,,-0.019776195142726757,-0.02417352479223029,,-0.041430953487287564,,,-0.02753772746177459,,,,,,,,,0.15155602168736687,1.1636434892554646,218
,,,,,,,,,,,,,-0.03470520720461474,,,,,-0.006968498723970685,,0.04167370592858542,1.0425542439765494,219
,,,,,,,,,,0.0,,,,,,,,,,-0.0,1.0,220
,,,,,,,,,-0.030968120221001396,,,,,,,,,,-0.10884232552920524,0.13981044575020662,1.150055780234059,221
,,,,,,,,,-0.0017467226648300355,,,,,,,,,,-0.011099893341573073,0.012846616006403109,1.012929488273638,222
,,,,,,0.0,,,,,,,,,,,,,,-0.0,1.0,223
,,0.0,,,,,,,,,,,,,,,,,,-0.0,1.0,224
,,,,,,,,,-0.05971604824755191,,,,,,,-0.022467029174137385,,,-0.041430953487287564,0.12361403090897685,1.1315790321709878,225
,,,,,,,,,,,,,,,-0.11309318222387027,-0.03265889404051941,,,,0.14575207626438969,1.1569093272102955,226
,,,,,,,,,,,,,,,,,0.0,,,-0.0,1.0,227
,,,-0.10004336417174872,,-0.030968120221001396,,-0.019776195142726757,,,,,,,,,,,,,0.1507876795354769,1.1627497563032152,228
,,-0.04780468030229101,-0.010434302199237917,,,,,,,,,,,,,,,,,0.058238982501528924,1.0599682793148393,229
,-0.011099893341573073,,,,,,,-0.0017467226648300355,,,,,,,,,,,,0.012846616006403109,1.012929488273638,230
,,,,0.0,,,,,,,,,,,,,,,,-0.0,1.0,231
,,,,,-0.011099893341573073,-0.005230977407731973,,,,-0.011099893341573073,,,,,-0.011099893341573073,,,,,0.038530657432451196,1.0392825896053781,232
,,,,,,,,,,,,,0.0,,,,,,,-0.0,1.0,233
,,,,,,,,,,,,,,,-0.005230977407731973,-0.02753772746177459,,,,0.03276870486950656,1.0333115116784815,234
,0.0,,,,,,,,,,,,,,,,,,,-0.0,1.0,235
,,,,,,,,,,,,,,0.0,,,,,,-0.0,1.0,236
,,,,,,,,,,,,,,,0.0,,,,,-0.0,1.0,237
,,,,,,,,,,,,,,-0.0017467226648300355,-0.011099893341573073,,,,,0.012846616006403109,1.012929488273638,238
,,,,,,,,,-0.02587688734099693,,,-0.041430953487287564,,,,,,,-0.07074394927247818,0.13805179010076268,1.1480350055831854,239
,,,,,,,0.0,,,,,,,,,,,,,-0.0,1.0,240
,,,,,,,,,,,,,,,,,,0.0,,-0.0,1.0,241
,,,,,,,,,,0.0,,,,,,,,,,-0.0,1.0,242
,,,,,,,-0.0034903835912328735,,,,,,,,-0.019776195142726757,,,,,0.023266578733959632,1.0235393570078843,243
,,,,,,,,,,0.0,,,,,,,,,,-0.0,1.0,244
,,,,,,,,,,0.0,,,,,,,,,,-0.0,1.0,245
,,,,,,,,,,,,,,,0.0,,,,,-0.0,1.0,246
,,,,,,-0.0017467226648300355,,-0.011099893341573073,,,,,,,,,,,,0.012846616006403109,1.012929488273638,247
,-0.00870294213061187,,,,,,,,,,-0.041430953487287564,,,,,,,,,0.05013389561789944,1.051411866393087,248
,,-0.011099893341573073,,,,,,,,,,,,,,-0.0017467226648300355,,,,0.012846616006403109,1.012929488273638,249
,-0.005230977407731973,,,,,,,,,,-0.02753772746177459,,,,,,,,,0.03276870486950656,1.0333115116784815,250
,,,-0.02417352479223029,,-0.0908061945187125,,,,,,,,,,,,,,,0.11497971931094278,1.1218506854363046,251
,,,,,,,,,-0.012162573482249387,,,,,,,,,,-0.05388566765082411,0.06604824113307349,1.068278250876221,252
,,,,,,,,,,,,,-0.02753772746177459,,,,,-0.005230977407731973,,0.03276870486950656,1.0333115116784815,253
,,,,,,,,,0.0,,,,,,,,,,,-0.0,1.0,254
,,,,,,,-0.011099893341573073,,,,,,,,-0.0017467226648300355,,,,,0.012846616006403109,1.012929488273638,255
,0.0,,,,,,,,,,,,,,,,,,,-0.0,1.0,256
,0.0,,,,,,,,,,,,,,,,,,,-0.0,1.0,257
,,,,,,,,,-0.019776195142726757,-0.0034903835912328735,,,,,,,,,,0.023266578733959632,1.0235393570078843,258
,,,,,,,,,,0.0,,,,,,,,,,-0.0,1.0,259
,,,,,,,0.0,,,,,,,,,,,,,-0.0,1.0,260
,,,,,,,,,,,,,,,,0.0,,,,-0.0,1.0,261
,,,,,,,,,,,,,0.0,,,,,,,-0.0,1.0,262
,,,,,,,,,,,,,,,,0.0,,,,-0.0,1.0,263
,,,,,,,,,,,,,,,,,0.0,,,-0.0,1.0,264
,,,,,,,,,,,,,,,,0.0,,,,-0.0,1.0,265
,,,,,,,,,,0.0,,,,,,,,,,-0.0,1.0,266
,,,,,,,,,,,,,,,0.0,,,,,-0.0,1.0,267
,,,0.0,,,,,,,,,,,,,,,,,-0.0,1.0,268
-0.011099893341573073,,,,,,,,,,,,,,,-0.0017467226648300355,,,,,0.012846616006403109,1.012929488273638,269
-0.019776195142726757,,,-0.011099893341573073,,-0.005230977407731973,,,,,,,,,,,,,,,0.0361070658920318,1.036766842915718,270
,,,,,,,-0.0017467226648300355,,,,,,,,-0.011099893341573073,,,,,0.012846616006403109,1.012929488273638,271
,-0.06532732469648989,-0.23397732389432896,,,,,,-0.011099893341573073,-0.011099893341573073,,-0.34917804453908396,,,,,,,,,0.6706824798130491,1.9555715033817902,272
-0.05971604824755191,,-0.019776195142726757,-0.3532809508755069,,-0.24099947784276143,,,,,,,,,,,,,,,0.6737726721085471,1.9616239421583013,273
-0.2551350377412503,,,,,,,,,,,,-0.019776195142726757,,,,-0.11608212943664599,,,,0.39099336232062304,1.4784486999121325,274
,,,,,,,,,,,,,,0.0,,,,,,-0.0,1.0,275
,,,,,,,0.0,,,,,,,,,,,,,-0.0,1.0,276
,,,,,,,0.0,,,,,,,,,,,,,-0.0,1.0,277
,,,,,,,,,,,,,,,,,,0.0,,-0.0,1.0,278
,,,,0.0,,,,,,,,,,,,,,,,-0.0,1.0,279
,,,,,,,,,,0.0,,,,,,,,,,-0.0,1.0,280
,,,,,,,,,,,,,,,-0.011099893341573073,-0.0017467226648300355,,,,0.012846616006403109,1.012929488273638,281
,-0.0017467226648300355,,,,,,,,,,-0.011099893341573073,,,,,,,,,0.012846616006403109,1.012929488273638,282
,,,,,,,,,,,,,,,,,0.0,,,-0.0,1.0,283
,,,,,,,,,,,,0.0,,,,,,,,-0.0,1.0,284
,,,,,,,,,,0.0,,,,,,,,,,-0.0,1.0,285
,,,,,,,,,0.0,,,,,,,,,,,-0.0,1.0,286
-0.019776195142726757,,,,,-0.00870294213061187,-0.02753772746177459,,,,,,,,,,,,,,0.05601686473511322,1.0576155199918051,287
-0.0017467226648300355,,,,,,,,,,,,,,,,-0.011099893341573073,,,,0.012846616006403109,1.012929488273638,288
,,,-0.02753772746177459,,-0.005230977407731973,,,,,,,,,,,,,,,0.03276870486950656,1.0333115116784815,289
,,,,,,,,,,-0.0034903835912328735,,-0.019776195142726757,,,,,,,,0.023266578733959632,1.0235393570078843,290
,,,,,,,,,,,0.0,,,,,,,,,-0.0,1.0,291
,,,,0.0,,,,,,,,,,,,,,,,-0.0,1.0,292
,,,,,,,,,,,,,0.0,,,,,,,-0.0,1.0,293
,,,,,,,0.0,,,,,,,,,,,,,-0.0,1.0,294
,,0.0,,,,,,,,,,,,,,,,,,-0.0,1.0,295
-0.011099893341573073,,,,,,,,,,,,,,,,-0.0017467226648300355,,,,0.012846616006403109,1.012929488273638,296
0.0,,,,,,,,,,,,,,,,,,,,-0.0,1.0,297
,,,,,,,,,-0.21552968757242846,,,,,,,,,,-0.08506231250938906,0.3005920000818175,1.350658160685738,298
0.0,,,,,,,,,,,,,,,,,,,,-0.0,1.0,299
,,,,,,,,,,,0.0,,,,,,,,,-0.0,1.0,300
,,,,0.0,,,,,,,,,,,,,,,,-0.0,1.0,301
,,0.0,,,,,,,,,,,,,,,,,,-0.0,1.0,302
,,,,,0.0,,,,,,,,,,,,,,,-0.0,1.0,303
,,,,,,,,,,,0.0,,,,,,,,,-0.0,1.0,304
,,,,,,,,0.0,,,,,,,,,,,,-0.0,1.0,305
,,,0.0,,,,,,,,,,,,,,,,,-0.0,1.0,306
,,,,,0.0,,,,,,,,,,,,,,,-0.0,1.0,307
,,,,,0.0,,,,,,,,,,,,,,,-0.0,1.0,308
,,,,,,,,,,,,,0.0,,,,,,,-0.0,1.0,309
,,,,0.0,,,,,,,,,,,,,,,,-0.0,1.0,310
,,,0.0,,,,,,,,,,,,,,,,,-0.0,1.0,311
,,,,,,,,,,,,0.0,,,,,,,,-0.0,1.0,312
,,,,,,,,,,0.0,,,,,,,,,,-0.0,1.0,313
,0.0,,,,,,,,,,,,,,,,,,,-0.0,1.0,314
,,,,,,,,,,0.0,,,,,,,,,,-0.0,1.0,315
,,,,,,,,,,,,,0.0,,,,,,,-0.0,1.0,316
,,,0.0,,,,,,,,,,,,,,,,,-0.0,1.0,317
,,,,,,,,,,,,,0.0,,,,,,,-0.0,1.0,318
,,0.0,,,,,,,,,,,,,,,,,,-0.0,1.0,319
,-0.03470520720461474,,,,,,,,,,-0.006968498723970685,,,,,,,,,0.04167370592858542,1.0425542439765494,320
,,,,,,0.0,,,,,,,,,,,,,,-0.0,1.0,321
0.0,,,,,,,,,,,,,,,,,,,,-0.0,1.0,322
,,,,,,,,,0.0,,,,,,,,,,,-0.0,1.0,323
,-0.3292311988078059,,,,-0.05971604824755191,-0.36410173912697374,,,,,-0.19730379672781054,-0.04780468030229101,,,-0.11309318222387027,,,,,1.1112506454363034,3.0381556749446066,324
,-0.006968498723970685,,,,,,,,,,-0.03470520720461474,,,,,,,,,0.04167370592858542,1.0425542439765494,325
,,,,,,,,,,-0.0017467226648300355,,,-0.011099893341573073,,,,,,,0.012846616006403109,1.012929488273638,326
,-0.0759854561265659,,,,,,,,,,-0.01904466112908044,,,,,,,,,0.09503011725564635,1.099691974331694,327
-0.36326795194687567,,,,,,,,,-0.019776195142726757,,,,,,-0.1213233350118599,-0.28179250825937985,,,-0.011099893341573073,0.7972598837024152,2.2194510348421477,328
,,,,,0.0,,,,,,,,,,,,,,,-0.0,1.0,329
-0.012162573482249387,,,,,,,,,,,,,,,,-0.019776195142726757,,,-0.041430953487287564,0.07336972211226371,1.0761283318132917,330
,,,,,,0.0,,,,,,,,,,,,,,-0.0,1.0,331
-0.011099893341573073,,,,,,,,,-0.019776195142726757,,-0.011099893341573073,-0.015609827804511414,,,,-0.02753772746177459,,,-0.019776195142726757,0.10489973223488568,1.1105992474682633,332
,,-0.09548309764713954,,,,,-0.011099893341573073,,,,,,,,-0.02757711119553122,,,,,0.13416010218424385,1.1435758939874308,333
,,,,,,,,,0.0,,,,,,,,,,,-0.0,1.0,334
,,-0.05971604824755191,-0.011099893341573073,,,-0.02075740609149938,,-0.019776195142726757,,,,,,,-0.011099893341573073,,,,,0.12244943616492418,1.1302619682493604,335
,,,,,,,,,,0.0,,,,,,,,,,-0.0,1.0,336
,,,,,,,,,0.0,,,,,,,,,,,-0.0,1.0,337
,,0.0,,,,,,,,,,,,,,,,,,-0.0,1.0,338
,-0.011099893341573073,,,,,,,,,,-0.0017467226648300355,,,,,,,,,0.012846616006403109,1.012929488273638,339
0.0,,,,,,,,,,,,,,,,,,,,-0.0,1.0,340
,,,,,,,,,,,,,,,,,,,0.0,-0.0,1.0,341
,,0.0,,,,,,,,,,,,,,,,,,-0.0,1.0,342
-0.0017467226648300355,,,,,,,,,,,,,,,-0.011099893341573073,,,,,0.012846616006403109,1.012929488273638,343
,,,,,,,,,,0.0,,,,,,,,,,-0.0,1.0,344
,,,,,,,,,0.0,,,,,,,,,,,-0.0,1.0,345
,,0.0,,,,,,,,,,,,,,,,,,-0.0,1.0,346
,,,0.0,,,,,,,,,,,,,,,,,-0.0,1.0,347
,,,,,,0.0,,,,,,,,,,,,,,-0.0,1.0,348
,,,,,,,,,,0.0,,,,,,,,,,-0.0,1.0,349
,,,,,,,,,-0.0017467226648300355,,,,,,,,,,-0.011099893341573073,0.012846616006403109,1.012929488273638,350
,,,,,,,,,,,,0.0,,,,,,,,-0.0,1.0,351
,-0.019776195142726757,,,,,,,,,,-0.0034903835912328735,,,,,,,,,0.023266578733959632,1.0235393570078843,352
,,0.0,,,,,,,,,,,,,,,,,,-0.0,1.0,353
,,,,,,,,0.0,,,,,,,,,,,,-0.0,1.0,354
,,,,,,,,,,0.0,,,,,,,,,,-0.0,1.0,355
,0.0,,,,,,,,,,,,,,,,,,,-0.0,1.0,356
,,,0.0,,,,,,,,,,,,,,,,,-0.0,1.0,357
,,,,,,,,,-0.005230977407731973,,,-0.02753772746177459,,,,,,,,0.03276870486950656,1.0333115116784815,358
,,,,,,,,,,,,0.0,,,,,,,,-0.0,1.0,359
,,,,,,,0.0,,,,,,,,,,,,,-0.0,1.0,360
,,,,,,,,,0.0,,,,,,,,,,,-0.0,1.0,361
,,,,,,,,,,,,,,0.0,,,,,,-0.0,1.0,362
,,,,,,,,,,,,,,,,,,0.0,,-0.0,1.0,363
,,,,0.0,,,,,,,,,,,,,,,,-0.0,1.0,364
,,0.0,,,,,,,,,,,,,,,,,,-0.0,1.0,365
,,,,,,,,,,,,,,,,,,0.0,,-0.0,1.0,366
,,,,,,,,,,,,,,,0.0,,,,,-0.0,1.0,367
,-0.12921998222965891,,,,,-0.019776195142726757,,,,,-0.04273694643343663,,,,,,,,,0.1917331238058223,1.2113471940942433,368
,,,,,,,,,,,,,,,,,,0.0,,-0.0,1.0,369
,,,,,,,,,,,,,,,,,0.0,,,-0.0,1.0,370
,,,,,,,,,,,,,,,,,,0.0,,-0.0,1.0,371
,,,,,,,,,,0.0,,,,,,,,,,-0.0,1.0,372
,,0.0,,,,,,,,,,,,,,,,,,-0.0,1.0,373
,,-0.08600430986177866,-0.011099893341573073,,,,,-0.02417352479223029,,,,,,,,,,,,0.12127772799558204,1.1289384066330717,374
,,,,,,,,,,,,,,,-0.03470520720461474,-0.006968498723970685,,,,0.04167370592858542,1.0425542439765494,375
-0.041430953487287564,,,,,,,-0.09548309764713954,,-0.18603213547313718,-0.02753772746177459,-0.019776195142726757,-0.03470520720461474,,,-0.1771226921559724,-0.32252410707500523,,,-0.29967101667445833,1.2042831323221164,3.3343679205096475,376
,,,,,,,,,,,,,,,-0.0908061945187125,-0.02417352479223029,,,,0.11497971931094278,1.1218506854363046,377
,,,,,,,0.0,,,,,,,,,,,,,-0.0,1.0,378
,-0.36484859268152003,,,,,,,,,,-0.2654098357677925,,,,,,,,-0.019776195142726757,0.6500346235920392,1.9156071530662764,379
,,,,,,,,,,,,,,,-0.07074394927247818,-0.017328799851734345,,,,0.08807274912421252,1.0920675660974337,380
,,,,,,,,,,,,,,,0.0,,,,,-0.0,1.0,381
,,,,,,,,,,0.0,,,,,,,,,,-0.0,1.0,382
,,,,,,,,,,,,,,0.0,,,,,,-0.0,1.0,383
,-0.27065628285389853,,,,,,,,,,-0.3662610534906208,,,,,,,,,0.6369173363445193,1.8906436683265642,384
,,,,0.0,,,,,,,,,,,,,,,,-0.0,1.0,385
,,,,,,,,,,,,,,,,,0.0,,,-0.0,1.0,386
,,,,,,,,,,0.0,,,,,,,,,,-0.0,1.0,387
,,,,,,,,,-0.11725198314076249,,,,,,,,,,-0.034346506462747985,0.15159848960351047,1.1636929078189318,388
,,,,,,,,,,,,,,,-0.0017467226648300355,-0.011099893341573073,,,,0.012846616006403109,1.012929488273638,389
,,0.0,,,,,,,,,,,,,,,,,,-0.0,1.0,390
,,,,,,,0.0,,,,,,,,,,,,,-0.0,1.0,391
,,,,,,,,,,,,,,,-0.005230977407731973,-0.02753772746177459,,,,0.03276870486950656,1.0333115116784815,392
,,,,,,,,,,,,,,,,,,0.0,,-0.0,1.0,393
,,,,,,,,,,0.0,,,,,,,,,,-0.0,1.0,394
,,0.0,,,,,,,,,,,,,,,,,,-0.0,1.0,395
,,,-0.05388566765082411,,-0.013887750512763603,,,,,,-0.011099893341573073,,,,,,,,,0.07887331150516078,1.0820672279179524,396
,,,,,,,,,,,,,,,,0.0,,,,-0.0,1.0,397
,-0.04780468030229101,,,,,-0.10884232552920524,,-0.04273694643343663,,,-0.011099893341573073,,,,,,,,,0.21048384560650596,1.234275114095259,398
,,,,,,,,,,,,,0.0,,,,,,,-0.0,1.0,399
,,,,,,,,,,,,,,,0.0,,,,,-0.0,1.0,400
,,,-0.006968498723970685,,-0.03470520720461474,,,,,,,,,,,,,,,0.04167370592858542,1.0425542439765494,401
,,,-0.0017467226648300355,,-0.011099893341573073,,,,,,,,,,,,,,,0.012846616006403109,1.012929488273638,402
,,,,,,,,,0.0,,,,,,,,,,,-0.0,1.0,403
,,,,,0.0,,,,,,,,,,,,,,,-0.0,1.0,404
,,,,,,0.0,,,,,,,,,,,,,,-0.0,1.0,405
,,,,,-0.019776195142726757,-0.0034903835912328735,,,,,,,,,,,,,,0.023266578733959632,1.0235393570078843,406
0.0,,,,,,,,,,,,,,,,,,,,-0.0,1.0,407
,,,0.0,,,,,,,,,,,,,,,,,-0.0,1.0,408
,,-0.0017467226648300355,,,,,,-0.011099893341573073,,,,,,,,,,,,0.012846616006403109,1.012929488273638,409
,,,,,,,,,,-0.04780468030229101,,-0.010434302199237917,,,,,,,,0.058238982501528924,1.0599682793148393,410
,,,,,,,,,0.0,,,,,,,,,,,-0.0,1.0,411
,,,,,,,,,,,,,,,,0.0,,,,-0.0,1.0,412
,,,,,0.0,,,,,,,,,,,,,,,-0.0,1.0,413
,,,,,,,,,,-0.3241975799094057,,-0.36144265579414603,,,,,,,,0.6856402357035517,1.985042323756533,414
,,,,,,,,,,0.0,,,,,,,,,,-0.0,1.0,415
,,,,,,0.0,,,,,,,,,,,,,,-0.0,1.0,416
,-0.02753772746177459,,,,,,,,,,-0.005230977407731973,,,,,,,,,0.03276870486950656,1.0333115116784815,417
,,,,,0.0,,,,,,,,,,,,,,,-0.0,1.0,418
,,,,,,,,,,,,,,,,,,0.0,,-0.0,1.0,419
,,,,,,,,,-0.3675044019336293,-0.14050192969810527,,-0.32043840011235564,,,,,,,,0.8284447317440902,2.2897547865971606,420
,,,-0.2433060274508645,,-0.35903339108716825,,,,,,,,,,,,,,,0.6023394185380327,1.826386488899068,421
,0.0,,,,,,,,,,,,,,,,,,,-0.0,1.0,422
,,,,,,0.0,,,,,,,,,,,,,,-0.0,1.0,423
,,,,,,,0.0,,,,,,,,,,,,,-0.0,1.0,424
,-0.03470520720461474,,,,,,,,,,-0.006968498723970685,,,,,,,,,0.04167370592858542,1.0425542439765494,425
,,,,,,,,,,,,,,,,0.0,,,,-0.0,1.0,426
,,,,,,,,,,,,,,-0.0017467226648300355,-0.011099893341573073,,,,,0.012846616006403109,1.012929488273638,427
,,,,,,,,,,-0.0017467226648300355,,,,,,-0.011099893341573073,,,,0.012846616006403109,1.012929488273638,428
,,,,,,,0.0,,,,,,,,,,,,,-0.0,1.0,429
,,,,,,,,,,0.0,,,,,,,,,,-0.0,1.0,430
,,,,,,,,,,,,,,,,,,,0.0,-0.0,1.0,431
,,,0.0,,,,,,,,,,,,,,,,,-0.0,1.0,432
,,,,,,,,,-0.07074394927247818,-0.01904466112908044,,,,,,,,,-0.011099893341573073,0.1008885037431317,1.1061533029348427,433
,,,,,,,,,,,,,0.0,,,,,,,-0.0,1.0,434
,,,,,,,,,-0.05971604824755191,,,,,,,,,,-0.013887750512763603,0.07360379876031552,1.0763802578099224,435
,,,,,,,,,,,,,0.0,,,,,,,-0.0,1.0,436
,,,,,,,,,,,,,,,0.0,,,,,-0.0,1.0,437
,,,,,,,,,,,,,,,,0.0,,,,-0.0,1.0,438
,,,,,,,,,,,,,,,0.0,,,,,-0.0,1.0,439
,,,,,,,,,,,,,0.0,,,,,,,-0.0,1.0,440
,,,,,,,,,,,,,,,,,,0.0,,-0.0,1.0,441
,,,,,,,,,,0.0,,,,,,,,,,-0.0,1.0,442
,,,,,,,,,-0.005230977407731973,,,-0.02753772746177459,,,,,,,,0.03276870486950656,1.0333115116784815,443
,,,,,,,,,,,,,,,0.0,,,,,-0.0,1.0,444
,,,,,,,,,0.0,,,,,,,,,,,-0.0,1.0,445
,,,,,,,,,,,,,0.0,,,,,,,-0.0,1.0,446
,,,,,,,,,,0.0,,,,,,,,,,-0.0,1.0,447
,-0.02753772746177459,,,,,,,-0.005230977407731973,,,,,,,,,,,,0.03276870486950656,1.0333115116784815,448
,,,,,,,,,,0.0,,,,,,,,,,-0.0,1.0,449
,,,,,,,,,-0.33234817615329915,,,,,,,,,,-0.19269482054983286,0.525042996703132,1.690531534098964,450
,-0.05388566765082411,,,,,,,,,,-0.012162573482249387,,,,,,,,,0.06604824113307349,1.068278250876221,451
,,,,,,,,,0.0,,,,,,,,,,,-0.0,1.0,452
,,,,,,,,,,,,,,0.0,,,,,,-0.0,1.0,453
,,-0.011099893341573073,,,,,,,,,,,,,,-0.0017467226648300355,,,,0.012846616006403109,1.012929488273638,454
,,,,,,,,0.0,,,,,,,,,,,,-0.0,1.0,455
,0.0,,,,,,,,,,,,,,,,,,,-0.0,1.0,456
,,,,,,,,0.0,,,,,,,,,,,,-0.0,1.0,457
,,,,,,,,,-0.3188970727667387,,,,,,,,,,-0.36342808902994655,0.6823251617966852,1.9784726572266296,458
-0.019776195142726757,-0.041430953487287564,,,,,,,,-0.3594688233680709,-0.011099893341573073,-0.09548309764713954,-0.019776195142726757,,,,-0.16457489018730678,,,-0.3594688233680709,1.0710788716849022,2.9185265176791604,459
,,-0.011099893341573073,,,,,-0.0017467226648300355,,,,,,,,,,,,,0.012846616006403109,1.012929488273638,460
,-0.14412440102296792,,,,,,,,,,-0.046070790577835356,,,,,,,,,0.19019519160080328,1.2094856560595482,461
,,,,,,,,,,-0.011099893341573073,,,,-0.1457057656168036,-0.2894837995221006,-0.011099893341573073,,,,0.45738935182205037,1.5799439185527338,462
,,,,0.0,,,,,,,,,,,,,,,,-0.0,1.0,463
,,,,,,,,,,,,,,0.0,,,,,,-0.0,1.0,464
,-0.02753772746177459,,,,,-0.011099893341573073,,,,,-0.006968498723970685,,,,,,,,,0.04560611952731835,1.046662070004872,465
,,,,,,,,,,,,,,0.0,,,,,,-0.0,1.0,466
,,,,,,,,0.0,,,,,,,,,,,,-0.0,1.0,467
,0.0,,,,,,,,,,,,,,,,,,,-0.0,1.0,468
,,,,,,,,,-0.011099893341573073,-0.0034903835912328735,,,,,,,,,-0.011099893341573073,0.025690170274379018,1.026023006795418,469
,,-0.0017467226648300355,,,,,,,-0.011099893341573073,,,,,,,,,,,0.012846616006403109,1.012929488273638,470
,-0.06532732469648989,,,-0.011099893341573073,,-0.011099893341573073,,-0.030968120221001396,,,,,,,,,,-0.05388566765082411,,0.17238089925146155,1.1881303049791623,471
,,,,,,,,,-0.011099893341573073,,,-0.0017467226648300355,,,,,,,,0.012846616006403109,1.012929488273638,472
,,,,,,,0.0,,,,,,,,,,,,,-0.0,1.0,473
,,,,,,,,,-0.04106522732275655,,,,,,,,,,-0.1330525242390987,0.17411775156185524,1.1901957049725727,474
,,,,0.0,,,,,,,,,,,,,,,,-0.0,1.0,475
,,,,,,,,,,,,,,,0.0,,,,,-0.0,1.0,476
,,,,0.0,,,,,,,,,,,,,,,,-0.0,1.0,477
,,,,,,,0.0,,,,,,,,,,,,,-0.0,1.0,478
,,,,,,,,,,-0.052699937903014235,,,-0.12531140530851853,,,,,,-0.06532732469648989,0.24333866790802267,1.2755005220728353,479
,,,,,,,,,,,,,-0.011099893341573073,,,,,-0.0017467226648300355,,0.012846616006403109,1.012929488273638,480
,-0.04780468030229101,-0.019776195142726757,,,,,-0.041430953487287564,,,,-0.022467029174137385,,,,,,,,,0.13147885810644272,1.140513794846225,481
,-0.03470520720461474,,,,,-0.3677974500936795,,-0.2895334094380379,,,,,,,,,,,,0.6920360667363321,1.997779006469579,482
,,,,,,,,,,,,,,0.0,,,,,,-0.0,1.0,483
,,,,,,,0.0,,,,,,,,,,,,,-0.0,1.0,484
-0.03470520720461474,,,,,,,,,-0.07074394927247818,,,,,,,,,,-0.02417352479223029,0.1296226812693232,1.1383987631015429,485
,,,,,,,,,,-0.019776195142726757,,,,-0.022467029174137385,-0.0759854561265659,,,,,0.11822868044343005,1.1255014621141168,486
,,,,,,,,,-0.019776195142726757,-0.011099893341573073,,,,,,-0.08600430986177866,,,-0.02757711119553122,0.1444575095416097,1.1554125999097242,487
,-0.3147497177265777,,,-0.011099893341573073,,,-0.011099893341573073,,,,-0.19005267575744242,-0.011099893341573073,,,-0.08106781136206569,,,,,0.619169884870805,1.8573855578629421,488
,,,,,,,,,,,,,,,,,0.0,,,-0.0,1.0,489
,-0.019776195142726757,,,,,,,,,,-0.0034903835912328735,,,,,,,,,0.023266578733959632,1.0235393570078843,490
,-0.0017467226648300355,,,,,,,,,,-0.011099893341573073,,,,,,,,,0.012846616006403109,1.012929488273638,491
