aa_substitutions,Average RLU/uL,Fold change relative to unmutated median,Date
Unmutated,2.43E+05,1,221106
Unmutated,51687.57438,1,230819
K125L,2.76E+05,1.135617,221106
K125L,4.20E+05,1.730777,221106
K125L,4.20E+05,1.728916,221106
K126L,2.01E+05,0.82768,221106
K126L,2.86E+05,1.177859,221106
K126L,4.26E+05,1.751999,221106
Q149H,3.01E+05,1.240612,221106
Q149H,2.75E+05,1.131079,221106
Q149H,4.97E+05,2.044996,221106
N119S,751.09075,0.014531,230819
N119S,675.47675,0.013068,230819
N119S,1097,0.021224,230819
Y129L,540.67375,0.01046,230819
Y129L,1224.416,0.023689,230819
Y129L,1257.512,0.024329,230819
R257S,2315.23825,0.044793,230819
R257S,1895.72,0.036677,230819
R257S,2911.90075,0.056337,230819
D401I,21568.69875,0.41729,230819
D401I,20934.56196,0.405021,230819
D401I,20839.56107,0.403183,230819
E404L,65773.67625,1.272524,230819
E404L,65588.115,1.268934,230819
E404L,60300.75063,1.166639,230819
