sequential_site,reference_site,region
1,1,SSP
2,2,SSP
3,3,SSP
4,4,SSP
5,5,SSP
6,6,SSP
7,7,SSP
8,8,SSP
9,9,SSP
10,10,SSP
11,11,SSP
12,12,SSP
13,13,SSP
14,14,SSP
15,15,SSP
16,16,SSP
17,17,SSP
18,18,SSP
19,19,SSP
20,20,SSP
21,21,SSP
22,22,SSP
23,23,SSP
24,24,SSP
25,25,SSP
26,26,SSP
27,27,SSP
28,28,SSP
29,29,SSP
30,30,SSP
31,31,SSP
32,32,SSP
33,33,SSP
34,34,SSP
35,35,SSP
36,36,SSP
37,37,SSP
38,38,SSP
39,39,SSP
40,40,SSP
41,41,SSP
42,42,SSP
43,43,SSP
44,44,SSP
45,45,SSP
46,46,SSP
47,47,SSP
48,48,SSP
49,49,SSP
50,50,SSP
51,51,SSP
52,52,SSP
53,53,SSP
54,54,SSP
55,55,SSP
56,56,SSP
57,57,SSP
58,58,SSP
59,59,GP1
60,60,GP1
61,61,GP1
62,62,GP1
63,63,GP1
64,64,GP1
65,65,GP1
66,66,GP1
67,67,GP1
68,68,GP1
69,69,GP1
70,70,GP1
71,71,GP1
72,72,GP1
73,73,GP1
74,74,GP1
75,75,GP1
76,76,GP1
77,77,GP1
78,78,GP1
79,79,GP1
80,80,GP1
81,81,GP1
82,82,GP1
83,83,GP1
84,84,GP1
85,85,GP1
86,86,GP1
87,87,GP1
88,88,GP1
89,89,GP1
90,90,GP1
91,91,GP1
92,92,GP1
93,93,GP1
94,94,GP1
95,95,GP1
96,96,GP1
97,97,GP1
98,98,GP1
99,99,GP1
100,100,GP1
101,101,GP1
102,102,GP1
103,103,GP1
104,104,GP1
105,105,GP1
106,106,GP1
107,107,GP1
108,108,GP1
109,109,GP1
110,110,GP1
111,111,GP1
112,112,GP1
113,113,GP1
114,114,GP1
115,115,GP1
116,116,GP1
117,117,GP1
118,118,GP1
119,119,GP1
120,120,GP1
121,121,GP1
122,122,GP1
123,123,GP1
124,124,GP1
125,125,GP1
126,126,GP1
127,127,GP1
128,128,GP1
129,129,GP1
130,130,GP1
131,131,GP1
132,132,GP1
133,133,GP1
134,134,GP1
135,135,GP1
136,136,GP1
137,137,GP1
138,138,GP1
139,139,GP1
140,140,GP1
141,141,GP1
142,142,GP1
143,143,GP1
144,144,GP1
145,145,GP1
146,146,GP1
147,147,GP1
148,148,GP1
149,149,GP1
150,150,GP1
151,151,GP1
152,152,GP1
153,153,GP1
154,154,GP1
155,155,GP1
156,156,GP1
157,157,GP1
158,158,GP1
159,159,GP1
160,160,GP1
161,161,GP1
162,162,GP1
163,163,GP1
164,164,GP1
165,165,GP1
166,166,GP1
167,167,GP1
168,168,GP1
169,169,GP1
170,170,GP1
171,171,GP1
172,172,GP1
173,173,GP1
174,174,GP1
175,175,GP1
176,176,GP1
177,177,GP1
178,178,GP1
179,179,GP1
180,180,GP1
181,181,GP1
182,182,GP1
183,183,GP1
184,184,GP1
185,185,GP1
186,186,GP1
187,187,GP1
188,188,GP1
189,189,GP1
190,190,GP1
191,191,GP1
192,192,GP1
193,193,GP1
194,194,GP1
195,195,GP1
196,196,GP1
197,197,GP1
198,198,GP1
199,199,GP1
200,200,GP1
201,201,GP1
202,202,GP1
203,203,GP1
204,204,GP1
205,205,GP1
206,206,GP1
207,207,GP1
208,208,GP1
209,209,GP1
210,210,GP1
211,211,GP1
212,212,GP1
213,213,GP1
214,214,GP1
215,215,GP1
216,216,GP1
217,217,GP1
218,218,GP1
219,219,GP1
220,220,GP1
221,221,GP1
222,222,GP1
223,223,GP1
224,224,GP1
225,225,GP1
226,226,GP1
227,227,GP1
228,228,GP1
229,229,GP1
230,230,GP1
231,231,GP1
232,232,GP1
233,233,GP1
234,234,GP1
235,235,GP1
236,236,GP1
237,237,GP1
238,238,GP1
239,239,GP1
240,240,GP1
241,241,GP1
242,242,GP1
243,243,GP1
244,244,GP1
245,245,GP1
246,246,GP1
247,247,GP1
248,248,GP1
249,249,GP1
250,250,GP1
251,251,GP1
252,252,GP1
253,253,GP1
254,254,GP1
255,255,GP1
256,256,GP1
257,257,GP1
258,258,GP1
259,259,GP1
260,260,GP2
261,261,GP2
262,262,GP2
263,263,GP2
264,264,GP2
265,265,GP2
266,266,GP2
267,267,GP2
268,268,GP2
269,269,GP2
270,270,GP2
271,271,GP2
272,272,GP2
273,273,GP2
274,274,GP2
275,275,GP2
276,276,GP2
277,277,GP2
278,278,GP2
279,279,GP2
280,280,GP2
281,281,GP2
282,282,GP2
283,283,GP2
284,284,GP2
285,285,GP2
286,286,GP2
287,287,GP2
288,288,GP2
289,289,GP2
290,290,GP2
291,291,GP2
292,292,GP2
293,293,GP2
294,294,GP2
295,295,GP2
296,296,GP2
297,297,GP2
298,298,GP2
299,299,GP2
300,300,GP2
301,301,GP2
302,302,GP2
303,303,GP2
304,304,GP2
305,305,GP2
306,306,GP2
307,307,GP2
308,308,GP2
309,309,GP2
310,310,GP2
311,311,GP2
312,312,GP2
313,313,GP2
314,314,GP2
315,315,GP2
316,316,GP2
317,317,GP2
318,318,GP2
319,319,GP2
320,320,GP2
321,321,GP2
322,322,GP2
323,323,GP2
324,324,GP2
325,325,GP2
326,326,GP2
327,327,GP2
328,328,GP2
329,329,GP2
330,330,GP2
331,331,GP2
332,332,GP2
333,333,GP2
334,334,GP2
335,335,GP2
336,336,GP2
337,337,GP2
338,338,GP2
339,339,GP2
340,340,GP2
341,341,GP2
342,342,GP2
343,343,GP2
344,344,GP2
345,345,GP2
346,346,GP2
347,347,GP2
348,348,GP2
349,349,GP2
350,350,GP2
351,351,GP2
352,352,GP2
353,353,GP2
354,354,GP2
355,355,GP2
356,356,GP2
357,357,GP2
358,358,GP2
359,359,GP2
360,360,GP2
361,361,GP2
362,362,GP2
363,363,GP2
364,364,GP2
365,365,GP2
366,366,GP2
367,367,GP2
368,368,GP2
369,369,GP2
370,370,GP2
371,371,GP2
372,372,GP2
373,373,GP2
374,374,GP2
375,375,GP2
376,376,GP2
377,377,GP2
378,378,GP2
379,379,GP2
380,380,GP2
381,381,GP2
382,382,GP2
383,383,GP2
384,384,GP2
385,385,GP2
386,386,GP2
387,387,GP2
388,388,GP2
389,389,GP2
390,390,GP2
391,391,GP2
392,392,GP2
393,393,GP2
394,394,GP2
395,395,GP2
396,396,GP2
397,397,GP2
398,398,GP2
399,399,GP2
400,400,GP2
401,401,GP2
402,402,GP2
403,403,GP2
404,404,GP2
405,405,GP2
406,406,GP2
407,407,GP2
408,408,GP2
409,409,GP2
410,410,GP2
411,411,GP2
412,412,GP2
413,413,GP2
414,414,GP2
415,415,GP2
416,416,GP2
417,417,GP2
418,418,GP2
419,419,GP2
420,420,GP2
421,421,GP2
422,422,GP2
423,423,GP2
424,424,GP2
425,425,GP2
426,426,GP2
427,427,GP2
428,428,GP2
429,429,GP2
430,430,GP2
431,431,GP2
432,432,GP2
433,433,GP2
434,434,GP2
435,435,GP2
436,436,GP2
437,437,GP2
438,438,GP2
439,439,GP2
440,440,GP2
441,441,GP2
442,442,GP2
443,443,GP2
444,444,GP2
445,445,GP2
446,446,GP2
447,447,GP2
448,448,GP2
449,449,GP2
450,450,GP2
451,451,GP2
452,452,GP2
453,453,GP2
454,454,GP2
455,455,GP2
456,456,GP2
457,457,GP2
458,458,GP2
459,459,GP2
460,460,GP2
461,461,GP2
462,462,GP2
463,463,GP2
464,464,GP2
465,465,GP2
466,466,GP2
467,467,GP2
468,468,GP2
469,469,GP2
470,470,GP2
471,471,GP2
472,472,GP2
473,473,GP2
474,474,GP2
475,475,GP2
476,476,GP2
477,477,GP2
478,478,GP2
479,479,GP2
480,480,GP2
481,481,GP2
482,482,GP2
483,483,GP2
484,484,GP2
485,485,GP2
486,486,GP2
487,487,GP2
488,488,GP2
489,489,GP2
490,490,GP2
491,491,GP2
492,492,STOP